name,url,username,password,note
http://192.168.0.1,http://192.168.0.1/,admin,motorola,
http://192.168.18.1,http://192.168.18.1/,Epuser,userEp,
http://poblacion7.tanauancity.com,http://poblacion7.tanauancity.com/login/registration.php,John Dominic,Sedula_password_2424,
accenture.wd3.myworkdayjobs.com,https://accenture.wd3.myworkdayjobs.com/en-US/AccentureCareers/login,johndominicjasmin@gmail.com,Johndominic_2424,
account.jetbrains.com,https://account.jetbrains.com/oauth/login/link,,Mikojasmin_24,
account.live.com,https://account.live.com/ResetPassword.aspx,mikocabal27@gmail.com,mikojasmin_2424,
login.live.com,https://login.live.com/login.srf,mikocabal27@gmail.com,mikojasmin_2424,
account.mapbox.com,https://account.mapbox.com/auth/signup/,johndominic,mikojasmin24,
account.mapbox.com,https://account.mapbox.com/auth/signup/,mikocabal27@gmail.com,mikojasmin24,
accounts.firefox.com,https://accounts.firefox.com/,20-60951@g.batstate-u.edu.ph,mikojasmin24,
accounts.google.com,https://accounts.google.com/signin/v2/challenge/pwd,20-60951@g.batstate-u.edu.ph,mikojasmin24,
accounts.google.com,https://accounts.google.com/,20-60951@g.batstate-u.edu.ph,mikojasmin24,
accounts.google.com,https://accounts.google.com/v3/signin/challenge/pwd,cyclistanceteam@gmail.com,cyclistance_admin_02,
accounts.google.com,https://accounts.google.com/v3/signin/challenge/pwd,daniellayvetterimas@gmail.com,Shanemen0416,
accounts.google.com,https://accounts.google.com/v3/signin/challenge/pwd,danivymaris@gmail.com,DanivyDominic2224,
accounts.google.com,https://accounts.google.com/signin/v2/challenge/pwd,johndominicjasmin,mikojasmin24,
accounts.google.com,https://accounts.google.com/signin/v2/identifier,johndominicjasmin24@gmail.com,mikojasmin24,
accounts.google.com,https://accounts.google.com/signin/v2/challenge/pwd,johndominicjasmin@gmail.com,john_dominic_4321,
accounts.google.com,https://accounts.google.com/signin/v2/challenge/pwd,mikocabal27,mikojasmin24,
accounts.google.com,https://accounts.google.com/signin/v2/challenge/pwd,mikocabal27@gmail.com,mikojasmin24,
admin.mlapi.ai,https://admin.mlapi.ai/login,john_dominic_123,miko_jasmin_4321,
app.codechum.com,https://app.codechum.com/signup/details,john_dominic,mikojasmin24,
app.codechum.com,https://app.codechum.com/signup/details,johndominic,mikojasmin24,
app.flycricket.com,https://app.flycricket.com/login,johndominicjasmin@gmail.com,mikojasin24,
app.quest.ai,https://app.quest.ai/platform/signup/tier/9,mikocabal27@gmail.com,quest_ai_2424,
app.termsfeed.com,https://app.termsfeed.com/profile/login,johndominicjasmin@gmail.com,Miko_jasmin_2424,
appicons.ai,https://appicons.ai/register,johndominicjasmin@gmail.com,mikojasmin24,
auth.you.com,https://auth.you.com/login,johndominicjasmin@gmail.com,mikojasin_24,
batsprovincescholarship.com,https://batsprovincescholarship.com/login.php,320620,scholarship_mandanas_2424,
builder.io,https://builder.io/signup,MyComp,mikojasin24,
career5.successfactors.eu,https://career5.successfactors.eu/career,johndominicjasmin@gmail.com,Mikojasmin24,
codingwithmitch.com,https://codingwithmitch.com/register/,johndominic,miko_miko_09461569670,
codingwithmitch.com,https://codingwithmitch.com/login/,johndominicjasmin@gmail.com,miko_miko_09461569670,
courses.codestackr.com,https://courses.codestackr.com/ultimate-web-dev-roadmap-2021,jasmin,Mikomiko_jasmin001,
courses.telusko.com,https://courses.telusko.com/learn/account/signup,mikocabal27@gmail.com,mikojamsin24,
creately.com,https://creately.com/signup-in-app/,johndominic,M09461569670,
cyclistanceadmin.jetadmin.io,https://cyclistanceadmin.jetadmin.io/login,cyclistanceteam@gmail.com,cyclistance_admin_02,
dashboard.sightengine.com,https://dashboard.sightengine.com/signup,johndominicjasmin@gmail.com,mikojasmin24,
dev.caloriemama.ai,https://dev.caloriemama.ai/login,kashi,Trinida_109810,
developer.edamam.com,https://developer.edamam.com/edamam-recipe-api,johndominicjasmin@gmail.com,edamam_4321,
www.edamam.com,https://www.edamam.com/,johndominicjasmin@gmail.com,edamam_4321,
www.facebook.com,https://www.facebook.com/login/,09194341831,john_dominic_4321,
www.facebook.com,https://www.facebook.com/login/device-based/regular/login/,09263208902,Mikojasmin24,
developers.facebook.com,https://developers.facebook.com/apps/,Byahero,Mikojasmin_24,
www.facebook.com,https://www.facebook.com/login/device-based/regular/login/,Byahero,Mikojasmin_24,
developers.facebook.com,https://developers.facebook.com/apps/create/,Cyclistance_,Mikojasmin_24,
dione.batstate-u.edu.ph,https://dione.batstate-u.edu.ph/student/,20-60951,Mikojasmin_2424,
dione.batstate-u.edu.ph,https://dione.batstate-u.edu.ph/student/,20-65982,Shanemen0416,
discord.com,https://discord.com/channels/@me,Chris P. Fata,Miko_jasmin_24,
discord.com,https://discord.com/channels/744385009028431943/798468399852159038,johndominicjasmin@gmail.com,Miko_jasmin_24,
dynamitejobs.com,https://dynamitejobs.com/enter,John Dominic,dynamite_jobs_john_dominic_24,
exchange.gemini.com,https://exchange.gemini.com/register,20-60951@g.batstate-u.edu.ph,Mikojasmin_2424,
exchange.gemini.com,https://exchange.gemini.com/register,C,mikojasmin24,
exchange.gemini.com,https://exchange.gemini.com/signin,johndominicjasmin@gmail.com,mikojasmin24,
fontawesome.com,https://fontawesome.com/account/set-password,,miko_miko_0909,
game.chronodivide.com,https://game.chronodivide.com/,miko2424,mikomiko,
github.com,https://github.com/signup,ChrisPFata,mikojasmin24,
github.com,https://github.com/session,johndominicjasmin@gmail.com,john_dominic_2424,
iconsflow.com,https://iconsflow.com/register,johndominicjasmin@gmail.com,Miko_cabal_27,
id.cisco.com,https://id.cisco.com/,20-60951@g.batstate-u.edu.ph,Mikojasmin_2424,
id.heroku.com,https://id.heroku.com/login,johndominicjasmin@gmail.com,mikojasmin_24,
ieminence1.snaphunt.com,https://ieminence1.snaphunt.com/job/VS7F9QWN3V,9263208902,mikojasmin24,
snaphunt.com,https://snaphunt.com/userConfirmation,johndominicjasmin@gmail.com,mikojasmin24,
iexcloud.io,https://iexcloud.io/cloud-login,Solo Dev,stock_market_54321,
jgsummit.darwinbox.com,https://jgsummit.darwinbox.com/ms/candidate/a610f788ec3e0b/applications,9263208902,163139,
login.seek.com,https://login.seek.com/login,johndominicjasmin@gmail.com,Mikojasmin_2424,
logmeal.es,https://logmeal.es/signup/form/,John Dominic,miko_jasmin_2424,
logmeal.es,https://logmeal.es/signup/form/,johndominicjasmin24@gmail.com,miko_jasmin_2424,
logmeal.es,https://logmeal.es/login/,johndominicjasmin@gmail.com,miko_jasmin_2424,
logmeal.es,https://logmeal.es/signup/form/,mikocabal27@gmail.com,mikojasmin2424,
makers.zecoda.com,https://makers.zecoda.com/,mikocabal27@gmail.com,mikojasmin24,
meetyoo.live,https://meetyoo.live/register/1/worldwideAI2022,Jasmin,wow_ai_4321,
openapi.coinstats.app,https://openapi.coinstats.app/login/,johndominicjasmin24@gmail.com,mikojasmin24,
portal.kobiton.com,https://portal.kobiton.com/register,johndominic,Kobiton_miko_j_24,
pro.coinmarketcap.com,https://pro.coinmarketcap.com/signup/,johndominicjasmin@gmail.com,coin_market_24,
prowritingaid.com,https://prowritingaid.com/en/Account/Register2,johndominicjasmin@gmail.com,mikojasmin24,
rive.app,https://rive.app/login/,johndominicjasmin@gmail.com,rive_miko_jasmin_24,
rxresu.me,https://rxresu.me/,mikocabal27,mikojasmin24,
shortlyai.com,https://shortlyai.com/signup,mikocabal27@gmail.com,miko_shortlyai_24,
steamcommunity.com,https://steamcommunity.com/openid/login,jullius090,mikojasmin24,
teslaxit.com,https://teslaxit.com/en/sign-up,20-60951@g.batstate-u.edu.ph,john_dominic_2424,
teslaxit.com,https://teslaxit.com/en/sign-up,20-65982@g.batstate-u.edu.ph,john_dominic_2424,
teslaxit.com,https://teslaxit.com/en/sign-up,cyclistanceteam@gmail.com,john_dominic_2424,
teslaxit.com,https://teslaxit.com/en/sign-up,danivymaris@gmail.com,john_dominic_2424,
teslaxit.com,https://teslaxit.com/en/sign-up,johndominicjasmin24@gmail.com,john_dominic_2424,
teslaxit.com,https://teslaxit.com/en/sign-up,johndominicjasmin@gmail.com,john_dominic_2424,
teslaxit.com,https://teslaxit.com/en/sign-up,mikocabal27@gmail.com,john_dominic_2424,
thenounproject.com,https://thenounproject.com/search/,mikocabal27@gmail.com,nounproject_2424,
top-one-uwu-clone-1.onrender.com,https://top-one-uwu-clone-1.onrender.com/auth/sign-up,dominic,top-one-uwu-2424,
unsplash.com,https://unsplash.com/join,miko24,unsplash_miko_222,
us04web.zoom.us,https://us04web.zoom.us/wc/3541482306/join,https://us04st1.zoom.us/web_client/h0ohmm8,YnArNGJqYzFlVGh1QmtEQURRcHA2Zz09,
usefirefiles.vercel.app,https://usefirefiles.vercel.app/signup,mikocabal27@gmail.com,MyFireFiles_2424,
web.deta.sh,https://web.deta.sh/signin,johndominicjasmin@gmail.com,Deta_john_dominic_24,
windframe.devwares.com,https://windframe.devwares.com/sign-up,John Dominic,wind_frame_john_dominic_24,
www.blinkist.com,https://www.blinkist.com/,mikocabal27@gmail.com,mikojasmin24,
www.codewars.com,https://www.codewars.com/join,mikoJ24,miko_jasmin_24_24,
www.dice.com,https://www.dice.com/jobs/detail/80b28bb7bc0e8f874492226bbdae227a,johndominicjasmin@gmail.com,mikojasmin24,
www.instagram.com,https://www.instagram.com/,mikocabal27@gmail.com,mikojasmin24,
www.linkedin.com,https://www.linkedin.com/signup/cold-join,20-60951@g.batstate-u.edu.ph,mikojasmin24,
www.linkedin.com,https://www.linkedin.com/uas/login,johndominicjasmin@gmail.com,mikojasmin24,
www.linkedin.com,https://www.linkedin.com/uas/login,mikocabal27@gmail.com,mikojasmin24,
www.monster.com.ph,https://www.monster.com.ph/seeker/single-page-registration,johndominicjasmin@gmail.com,john_dominic_4321,
www.octiaiprompt.site,https://www.octiaiprompt.site/,mikocabal27@gmail.com,miko12341234,
www.onlinejobs.ph,https://www.onlinejobs.ph/register,johndominicjasmin@gmail.com,mikojasmin24,
www.portfoliobox.net,https://www.portfoliobox.net/signup,johndominicjasmin@gmail.com,portfolio_box_2424,
www.pythonanywhere.com,https://www.pythonanywhere.com/registration/register/beginner/,johndominic,miko_mcdoodle_24,
www.reddit.com,https://www.reddit.com/,reddit_avatar,My_avatar_vault_4321,
www.roblox.com,https://www.roblox.com/,Doms00224,my_roblox_024,
www.twitch.tv,https://www.twitch.tv/directory/game/Dota%202,mikomiko024,mikoTwitchTv,
www.upwork.com,https://www.upwork.com/ab/account-security/reset-password,johndominicjasmin@gmail.com,mikoj@smin_2424,
www.weatherapi.com,https://www.weatherapi.com/signup.aspx,johndominicjasmin@gmail.com,weather_weather_lang_24,
